size,unroll,mean,std
0,3,3.3779999999999997e-4,7.916880698861136e-5
1,3,4.2659999999999996e-4,4.1040224170927725e-5
2,3,4.5000000000000004e-4,8.674675786448737e-5
3,3,4.912e-4,4.9806626065213476e-5
4,3,4.964e-4,4.165693219621437e-5
5,3,5.228e-4,1.0478644950564936e-4
